{
  "nameCache:9": {
    "0:10": {
      "name:8": "KSKAMEL25",
      "isOP:1": 0,
      "uuid:8": "6601bfb4-cfba-4224-a47b-46a586b70ba3"
    },
    "1:10": {
      "name:8": "jay_jones",
      "isOP:1": 0,
      "uuid:8": "d1d6100a-3e15-4ddd-b373-475c16d96060"
    },
    "2:10": {
      "name:8": "Oturan64TM",
      "isOP:1": 1,
      "uuid:8": "c4d4c272-dfb0-401a-b2c1-ec998eba9eec"
    },
    "3:10": {
      "name:8": "ThiagoRPG_",
      "isOP:1": 0,
      "uuid:8": "2d7e4ad5-949e-4ada-b214-70b45680ab83"
    },
    "4:10": {
      "name:8": "GWSheridan",
      "isOP:1": 1,
      "uuid:8": "84680660-1372-4890-9935-88272138173d"
    }
  }
}