{"stat.pickup.tconstruct.book":1,"stat.drop.weather2.sand_layer_placeable":12,"stat.leaveGame":1,"stat.entityKilledBy.Witch":1,"stat.useItem.minecraft.skull":1,"stat.useItem.minecraft.apple":2,"stat.pickup.gravestone.death_info":11,"stat.useItem.minecraft.rotten_flesh":4,"stat.breakItem.minecraft.wooden_sword":1,"stat.entityKilledBy.Quark.dweller":1,"stat.swimOneCm":5138,"stat.jump":431,"stat.useItem.minecraft.sand":26,"stat.fallOneCm":6108,"achievement.buildWorkBench":2,"stat.mineBlock.chisel.factory":2,"stat.pickup.minecraft.gunpowder":3,"stat.crouchOneCm":2390,"stat.mineBlock.gravestone.gravestone":11,"stat.pickup.minecraft.spider_eye":2,"stat.useItem.chisel.tyrian":1,"stat.pickup.minecraft.dirt":6,"stat.useItem.minecraft.dirt":6,"achievement.exploreAllBiomes":{"value":0,"progress":["Desert"]},"stat.craftingTableInteraction":9,"stat.pickup.minecraft.rotten_flesh":196,"stat.pickup.minecraft.sand":104,"stat.mineBlock.chisel.tyrian":1,"stat.useItem.minecraft.sapling":7,"stat.pickup.weather2.sand_layer_placeable":385,"stat.pickup.minecraft.wooden_pickaxe":1,"stat.damageTaken":1266,"stat.craftItem.exnihiloadscensio.crookWood":4,"stat.craftItem.minecraft.wooden_button":1,"stat.useItem.minecraft.wooden_pickaxe":3,"stat.pickup.bqt.mpad":2,"stat.pickup.exnihiloadscensio.itemMaterial":3,"stat.useItem.excompressum.compressed_crook":56,"stat.pickup.minecraft.dye":32,"stat.pickup.minecraft.planks":6,"stat.flyOneCm":27657,"stat.pickup.minecraft.sandstone":2,"achievement.buildPickaxe":1,"stat.mineBlock.minecraft.sand":57,"stat.killEntity.Witch":2,"stat.entityKilledBy.Zombie":5,"stat.damageDealt":12326,"stat.pickup.environmentaltech.digital_guide":2,"stat.timeSinceDeath":15590,"stat.mineBlock.minecraft.dirt":4,"stat.useItem.minecraft.crafting_table":1,"stat.pickup.integrateddynamics.on_the_dynamics_of_integration":2,"stat.pickup.chisel.tyrian":1,"stat.mineBlock.chisel.glassdyedblack":1,"stat.walkOneCm":290964,"stat.pickup.minecraft.armor_stand":1,"stat.playerKills":1,"stat.pickup.chiselsandbits.chiseled_glass":3,"stat.drop.gravestone.death_info":6,"stat.pickup.minecraft.stick":6,"stat.pickup.minecraft.wooden_axe":1,"stat.useItem.chiselsandbits.chiseled_glass":3,"stat.drop.minecraft.rotten_flesh":1,"stat.pickup.minecraft.crafting_table":1,"stat.craftItem.minecraft.crafting_table":1,"stat.pickup.chisel.factory":2,"stat.killEntity.Quark.dweller":1,"stat.useItem.minecraft.armor_stand":1,"stat.pickup.minecraft.shield":1,"stat.pickup.minecraft.wooden_sword":2,"stat.pickup.minecraft.log":29,"stat.mineBlock.weather2.sand_layer":108,"achievement.buildSword":1,"achievement.mineWood":29,"stat.pickup.minecraft.sapling":28,"stat.sprintOneCm":27391,"stat.pickup.minecraft.apple":2,"stat.pickup.minecraft.skull":7,"stat.craftItem.minecraft.stick":28,"achievement.openInventory":49,"stat.craftItem.minecraft.planks":100,"achievement.environmentaltech.open_guide":1,"stat.useItem.minecraft.wooden_button":1,"stat.mobKills":83,"stat.useItem.minecraft.dye":26,"stat.mineBlock.minecraft.log":31,"achievement.killEnemy":33,"stat.deaths":9,"stat.drop":8,"stat.mineBlock.minecraft.leaves":116,"stat.useItem.weather2.sand_layer_placeable":2,"stat.playOneMinute":79791,"stat.useItem.minecraft.wooden_sword":62,"stat.useItem.chisel.factory":2,"stat.sneakTime":973,"stat.killEntity.Zombie":80,"stat.pickup.actuallyadditions.itemSolidifiedExperience":26,"stat.diveOneCm":1226,"stat.craftItem.minecraft.sandstone":2,"stat.useItem.minecraft.sandstone":2}