{"stat.pickup.tconstruct.book":3,"stat.useItem.minecraft.string":10,"stat.pickup.minecraft.wooden_slab":44,"stat.drop.weather2.sand_layer_placeable":17,"stat.leaveGame":17,"stat.pickup.gravestone.death_info":44,"stat.mineBlock.minecraft.sandstone":10,"stat.pickup.advancedrocketry.smallAirlockDoor":2,"stat.breakItem.minecraft.wooden_sword":3,"stat.drop.minecraft.skull":1,"stat.useItem.advancedrocketry.smallAirlockDoor":1,"stat.mineBlock.chisel.factory":23,"stat.pickup.minecraft.glowstone_dust":6,"stat.drop.minecraft.wooden_door":1,"stat.useItem.exnihiloadscensio.itemSeedPotato":2,"stat.mineBlock.gravestone.gravestone":42,"stat.craftItem.exnihiloadscensio.itemOreGold":3,"stat.useItem.chisel.tyrian":1,"stat.useItem.minecraft.water_bucket":19,"stat.craftItem.exnihiloadscensio.silkwormCooked":7,"stat.pickup.minecraft.rotten_flesh":656,"stat.pickup.minecraft.sand":1663,"stat.pickup.excompressum.compressed_block":39,"stat.useItem.enderio.blockElectricLight":3,"stat.craftItem.claybucket.unfiredClaybucket":1,"stat.breakItem.exnihiloadscensio.hammerWood":4,"stat.pickup.minecraft.bucket":1,"stat.pickup.bqt.mpad":29,"stat.useItem.enderio.blockPaintedPressurePlate":1,"stat.pickup.minecraft.wooden_hoe":1,"stat.mineBlock.enderio.blockElectricLight":3,"achievement.buildPickaxe":2,"stat.mineBlock.minecraft.sand":1203,"stat.killEntity.Witch":9,"stat.craftItem.exnihiloadscensio.blockBarrel0":6,"stat.craftItem.minecraft.wooden_hoe":1,"achievement.buildBetterPickaxe":1,"stat.mineBlock.chisel.glassdyedblack":1,"stat.craftItem.toughasnails.water_bottle":1,"stat.pickup.excompressum.heavy_sieve":1,"stat.pickup.exnihiloadscensio.itemSeedAcacia":2,"stat.useItem.excompressum.heavy_sieve":2,"stat.pickup.minecraft.armor_stand":1,"stat.pickup.chiselsandbits.chiseled_glass":3,"stat.drop.gravestone.death_info":55,"stat.pickup.minecraft.wooden_shovel":24,"stat.furnaceInteraction":16,"stat.killEntity.Quark.dweller":4,"stat.craftItem.exnihiloadscensio.itemOreNickel":2,"stat.craftItem.exnihiloadscensio.itemOreIron":16,"stat.mineBlock.extrautils2.spike_wood":3,"stat.craftItem.exnihiloadscensio.itemMesh":1,"stat.craftItem.excompressum.compressed_crook":10,"stat.craftItem.exnihiloadscensio.itemOreSilver":4,"achievement.mineWood":399,"stat.pickup.minecraft.skull":31,"stat.pickup.exnihiloadscensio.itemOreOreYellorite":3,"achievement.openInventory":394,"stat.pickup.minecraft.potion":3,"achievement.environmentaltech.open_guide":1,"stat.craftItem.minecraft.sand":94,"stat.useItem.minecraft.wheat_seeds":10,"stat.useItem.minecraft.wooden_button":1,"stat.pickup.chiselsandbits.chiseled_rock":88,"stat.pickup.minecraft.pumpkin_seeds":1,"stat.useItem.minecraft.dye":80,"stat.useItem.chiselsandbits.chiseled_rock":37,"stat.pickup.enderio.blockElectricLight":3,"stat.deaths":41,"stat.useItem.weather2.sand_layer_placeable":244,"stat.useItem.chisel.laboratory":13,"stat.playOneMinute":472753,"stat.craftItem.minecraft.wooden_shovel":2,"stat.pickup.forestry.beeDroneGE":2,"stat.pickup.toughasnails.canteen":5,"stat.chestOpened":250,"stat.useItem.minecraft.splash_potion":5,"stat.mineBlock.ironchest.BlockIronChest":1,"stat.mineBlock.enderio.blockPaintedPressurePlate":2,"stat.pickup.tconstruct.shovel":9,"stat.pickup.minecraft.arrow":27,"stat.pickup.exnihiloadscensio.itemSeedBirch":1,"stat.breakItem.excompressum.compressed_crook":17,"stat.craftItem.snad.snad":7,"stat.useItem.snad.snad":7,"stat.craftItem.minecraft.coal":16,"stat.pickup.exnihiloadscensio.itemOreNickel":10,"stat.fallOneCm":29256,"stat.pickup.excompressum.compressed_crook":35,"stat.pickup.minecraft.carrot":17,"stat.pickup.minecraft.melon_seeds":1,"stat.crouchOneCm":20858,"stat.mineBlock.minecraft.chest":7,"stat.craftItem.minecraft.chest":16,"stat.craftItem.minecraft.iron_ingot":16,"stat.craftingTableInteraction":9,"stat.craftItem.harvestcraft.freshwateritem":1,"stat.mineBlock.exnihiloadscensio.blockBarrel0":7,"stat.craftItem.tconstruct.pattern":24,"stat.pickup.minecraft.wooden_pickaxe":17,"stat.craftItem.minecraft.wooden_button":1,"stat.pickup.exnihiloadscensio.itemMaterial":282,"stat.useItem.minecraft.furnace":1,"stat.useItem.minecraft.reeds":9,"stat.pickup.exnihiloadscensio.itemSeedDarkOak":1,"stat.pickup.ironchest.BlockIronChest":1,"stat.useItem.excompressum.compressed_crook":3932,"stat.craftItem.minecraft.wooden_sword":4,"stat.pickup.minecraft.dye":102,"stat.pickup.minecraft.planks":143,"stat.pickup.minecraft.wheat_seeds":18,"stat.mineBlock.advancedrocketry.airlock_door":2,"stat.useItem.quark.colored_bed_item":1,"stat.pickup.exnihiloadscensio.hammerWood":22,"stat.craftItem.claybucket.claybucket":1,"stat.mineBlock.minecraft.dirt":18,"stat.useItem.exnihiloadscensio.hammerWood":285,"stat.pickup.exnihiloadscensio.itemSeedPotato":2,"stat.pickup.tconstruct.pattern":16,"stat.drop.minecraft.rotten_flesh":3,"stat.pickup.minecraft.crafting_table":2,"stat.useItem.minecraft.log":1,"stat.craftItem.minecraft.crafting_table":2,"stat.pickup.tconstruct.pickaxe":9,"stat.pickup.minecraft.log":874,"stat.drop.minecraft.sign":1,"stat.useItem.tconstruct.pickaxe":347,"stat.pickup.exnihiloadscensio.itemOreLead":16,"stat.pickup.minecraft.tipped_arrow":1,"stat.pickup.minecraft.sapling":1093,"stat.pickup.minecraft.wooden_door":1,"stat.pickup.exnihiloadscensio.itemOreCopper":41,"stat.craftItem.exnihiloadscensio.itemOreCopper":12,"stat.pickup.minecraft.apple":85,"stat.pickup.enderio.blockPaintedPressurePlate":2,"stat.pickup.forestry.ash":1,"stat.pickup.tconstruct.broadsword":9,"stat.craftItem.minecraft.bucket":1,"stat.craftItem.minecraft.planks":416,"stat.useItem.excompressum.compressed_block":16,"stat.pickup.enderio.itemBasicCapacitor":4,"stat.mineBlock.minecraft.log":394,"stat.craftItem.minecraft.wooden_door":3,"stat.useItem.minecraft.wooden_door":1,"achievement.acquireIron":8,"stat.sneakTime":9380,"stat.craftItem.exnihiloadscensio.itemMaterial":5,"stat.pickup.minecraft.stone_slab":6,"stat.useItem.minecraft.wooden_axe":327,"stat.pickup.toughasnails.water_bottle":1,"stat.craftItem.minecraft.cobblestone":29,"stat.pickup.minecraft.chest":7,"stat.pickup.minecraft.bone":72,"stat.pickup.exnihiloadscensio.blockBarrel0":8,"stat.craftItem.quark.colored_bed_item":1,"stat.entityKilledBy.Witch":5,"stat.useItem.minecraft.skull":1,"stat.craftItem.wopper.wopper":4,"stat.craftItem.minecraft.wool":3,"stat.entityKilledBy.Quark.dweller":1,"stat.swimOneCm":86380,"stat.craftItem.actuallyadditions.itemFood":4,"achievement.buildWorkBench":3,"stat.pickup.chiselsandbits.chiseled_sand":3,"stat.useItem.minecraft.dirt":50,"achievement.exploreAllBiomes":{"value":0,"progress":["Desert"]},"stat.craftItem.minecraft.furnace":1,"stat.mineBlock.chisel.tyrian":8,"stat.useItem.extrautils2.spike_wood":6,"stat.killEntity.Quark.ashen":3,"stat.pickup.minecraft.cobblestone":21,"stat.flyOneCm":262722,"stat.useItem.chiselsandbits.chiseled_iron":7,"stat.useItem.exnihiloadscensio.blockBarrel0":8,"stat.pickup.minecraft.sandstone":30,"stat.pickup.minecraft.glass_bottle":1,"stat.craftItem.actuallyadditions.itemMisc":4,"stat.drop.minecraft.wheat_seeds":1,"stat.craftItem.minecraft.wooden_slab":36,"stat.useItem.minecraft.cooked_beef":8,"stat.pickup.minecraft.cactus":219,"stat.pickup.minecraft.redstone":2,"stat.useItem.tconstruct.broadsword":1,"stat.timeSinceDeath":10036,"stat.pickup.chiselsandbits.chiseled_iron":13,"stat.pickup.actuallyadditions.itemFood":1,"stat.pickup.integrateddynamics.on_the_dynamics_of_integration":3,"stat.pickup.chisel.tyrian":11,"stat.pickup.wopper.wopper":5,"stat.killEntity.Bat":4,"stat.pickup.exnihiloadscensio.itemSeedCactus":5,"stat.craftItem.exnihiloadscensio.hammerWood":5,"stat.pickup.exnihiloadscensio.itemOreGold":19,"stat.useItem.minecraft.potato":4,"stat.pickup.minecraft.wooden_axe":22,"stat.useItem.chiselsandbits.chiseled_glass":3,"stat.drop.chiselsandbits.chiseled_rock":1,"stat.useItem.tconstruct.rack":2,"stat.useItem.minecraft.armor_stand":1,"stat.pickup.minecraft.shield":1,"stat.killEntity.Creeper":6,"stat.pickup.minecraft.wooden_sword":21,"stat.craftItem.exnihiloadscensio.itemOreTin":6,"stat.pickup.minecraft.string":2817,"stat.useItem.tconstruct.edible":4,"stat.pickup.exnihiloadscensio.itemOreSilver":23,"achievement.buildSword":12,"stat.craftItem.tconstruct.tooltables":5,"stat.craftItem.excompressum.heavy_sieve":1,"stat.sprintOneCm":216538,"stat.mineBlock.minecraft.stone_slab":5,"stat.craftItem.minecraft.stick":360,"stat.craftItem.minecraft.wooden_axe":6,"stat.useItem.minecraft.stone_slab":9,"stat.mineBlock.minecraft.crafting_table":1,"stat.useItem.minecraft.carrot":8,"stat.useItem.minecraft.wooden_shovel":118,"stat.craftItem.minecraft.clay_ball":24,"achievement.killEnemy":326,"stat.pickup.minecraft.sugar":2,"stat.pickup.chisel.laboratory":82,"achievement.buildFurnace":1,"stat.drop":65,"stat.useItem.minecraft.wooden_sword":216,"stat.craftItem.excompressum.wooden_crucible":8,"stat.pickup.minecraft.golden_chestplate":6,"stat.killEntity.Zombie":350,"stat.craftItem.minecraft.dye":48,"stat.pickup.actuallyadditions.itemSolidifiedExperience":92,"stat.diveOneCm":22672,"stat.craftItem.minecraft.sandstone":68,"stat.pickup.minecraft.wheat":16,"stat.pickup.tconstruct.tooltables":1,"stat.useItem.exnihiloadscensio.itemMaterial":12,"stat.pickup.exnihiloadscensio.itemSeedJungle":1,"achievement.buildHoe":2,"stat.pickup.minecraft.sign":2,"stat.mineBlock.exnihiloadscensio.blockInfestedLeaves":1394,"stat.useItem.minecraft.glass_bottle":1,"stat.useItem.minecraft.apple":19,"stat.breakItem.minecraft.wooden_axe":5,"stat.useItem.minecraft.potion":14,"stat.pickup.exnihiloadscensio.itemPebble":116,"stat.useItem.minecraft.rotten_flesh":9,"stat.pickup.tconstruct.hatchet":9,"stat.jump":2416,"stat.useItem.minecraft.sand":275,"stat.useItem.actuallyadditions.itemFood":2,"stat.craftItem.tconstruct.rack":2,"stat.useItem.minecraft.wooden_hoe":24,"stat.pickup.minecraft.coal":23,"stat.useItem.tconstruct.tooltables":6,"stat.pickup.minecraft.iron_ingot":4,"stat.pickup.betterwithmods.material":22,"stat.useItem.exnihiloadscensio.itemSeedSugarcane":1,"stat.pickup.minecraft.gunpowder":10,"stat.pickup.exnihiloadscensio.itemOreAluminium":35,"stat.pickup.minecraft.spider_eye":8,"stat.craftItem.exnihiloadscensio.itemOreLead":3,"stat.pickup.minecraft.dirt":75,"stat.useItem.ironchest.BlockIronChest":1,"stat.drop.exnihiloadscensio.hammerWood":1,"stat.mineBlock.excompressum.wooden_crucible":6,"stat.pickup.exnihiloadscensio.itemSeedSugarcane":1,"stat.useItem.minecraft.sapling":66,"stat.mineBlock.tconstruct.tooltables":1,"stat.pickup.weather2.sand_layer_placeable":1579,"stat.damageTaken":6760,"stat.craftItem.exnihiloadscensio.crookWood":44,"stat.useItem.minecraft.wooden_pickaxe":52,"stat.mineBlock.minecraft.sapling":2,"stat.pickup.minecraft.reeds":85,"stat.mineBlock.excompressum.compressed_block":15,"stat.pickup.exnihiloadscensio.itemOreIron":77,"stat.pickup.minecraft.potato":12,"stat.entityKilledBy.Zombie":15,"stat.mineBlock.wopper.wopper":5,"stat.damageDealt":21665,"stat.pickup.environmentaltech.digital_guide":4,"stat.sleepInBed":12,"stat.useItem.minecraft.crafting_table":1,"stat.mineBlock.excompressum.heavy_sieve":1,"stat.craftItem.exnihiloadscensio.itemOreAluminium":6,"stat.craftItem.minecraft.stone_slab":6,"stat.useItem.tconstruct.shovel":396,"stat.walkOneCm":1434552,"stat.craftItem.excompressum.compressed_block":72,"stat.playerKills":1,"stat.useItem.minecraft.chest":17,"stat.pickup.minecraft.stick":86,"stat.pickup.minecraft.clay_ball":49,"stat.pickup.chisel.factory":23,"stat.mineBlock.weather2.sand_layer":277,"stat.pickup.extrautils2.spike_wood":4,"stat.useItem.wopper.wopper":8,"stat.pickup.minecraft.cooked_beef":13,"stat.useItem.minecraft.cactus":21,"stat.useItem.exnihiloadscensio.silkwormCooked":5,"stat.killEntity.Skeleton":2,"stat.pickup.exnihiloadscensio.itemOreTin":33,"stat.mineBlock.minecraft.cactus":44,"stat.killEntity.Spider":2,"stat.pickup.exnihiloadscensio.blockDust":437,"stat.mobKills":380,"stat.useItem.excompressum.wooden_crucible":9,"stat.pickup.excompressum.wooden_crucible":6,"stat.mineBlock.chisel.laboratory":51,"stat.pickup.minecraft.water_bucket":2,"stat.mineBlock.minecraft.leaves":2663,"stat.breakItem.minecraft.wooden_shovel":1,"stat.useItem.chisel.factory":8,"stat.pickup.exnihiloadscensio.silkwormCooked":3,"stat.useItem.tconstruct.hatchet":110,"stat.useItem.minecraft.sandstone":40,"stat.craftItem.harvestcraft.saltitem":2}