{"stat.pickup.tconstruct.book":4,"stat.chestOpened":1,"stat.walkOneCm":181697,"stat.drop.gravestone.death_info":3,"stat.pickup.minecraft.stick":21,"stat.leaveGame":1,"stat.pickup.minecraft.crafting_table":6,"stat.craftItem.minecraft.crafting_table":2,"stat.breakItem.minecraft.wooden_axe":1,"stat.pickup.minecraft.shield":3,"stat.pickup.gravestone.death_info":12,"stat.pickup.minecraft.wooden_sword":1,"stat.pickup.minecraft.log":9,"stat.useItem.minecraft.rotten_flesh":6,"stat.breakItem.minecraft.wooden_sword":1,"stat.jump":386,"stat.useItem.minecraft.sand":22,"stat.swimOneCm":4984,"stat.pickup.minecraft.iron_ingot":1,"stat.craftItem.minecraft.shield":1,"stat.fallOneCm":506,"stat.mineBlock.weather2.sand_layer":91,"achievement.buildWorkBench":3,"stat.crouchOneCm":1351,"stat.mineBlock.gravestone.gravestone":4,"achievement.buildSword":1,"achievement.mineWood":9,"stat.pickup.chiselsandbits.chiseled_sand":2,"stat.useItem.minecraft.written_book":5,"stat.pickup.minecraft.sapling":6,"stat.pickup.minecraft.dirt":2,"stat.useItem.minecraft.dirt":1,"stat.sprintOneCm":16169,"achievement.exploreAllBiomes":{"value":0,"progress":["Desert"]},"stat.craftItem.minecraft.stick":4,"stat.craftItem.minecraft.wooden_axe":1,"stat.craftingTableInteraction":4,"stat.pickup.minecraft.rotten_flesh":64,"stat.pickup.minecraft.sand":50,"stat.useItem.minecraft.sapling":1,"achievement.openInventory":28,"stat.craftItem.minecraft.planks":36,"achievement.environmentaltech.open_guide":2,"stat.pickup.weather2.sand_layer_placeable":273,"stat.damageTaken":3745,"stat.mineBlock.minecraft.crafting_table":3,"stat.pickup.bqt.mpad":4,"stat.mobKills":9,"stat.craftItem.minecraft.wooden_sword":1,"stat.mineBlock.minecraft.log":6,"stat.entityKilledBy.Creeper":1,"achievement.killEnemy":6,"stat.flyOneCm":34805,"stat.deaths":5,"stat.drop":3,"stat.mineBlock.minecraft.sand":28,"stat.useItem.weather2.sand_layer_placeable":36,"stat.mineBlock.minecraft.leaves":1,"stat.playOneMinute":33831,"stat.entityKilledBy.Zombie":2,"stat.useItem.minecraft.wooden_sword":60,"stat.sneakTime":1347,"stat.damageDealt":2521,"stat.pickup.environmentaltech.digital_guide":4,"stat.killEntity.Zombie":7,"stat.timeSinceDeath":12388,"stat.useItem.minecraft.wooden_axe":33,"stat.pickup.actuallyadditions.itemSolidifiedExperience":1,"stat.mineBlock.minecraft.dirt":3,"stat.useItem.minecraft.crafting_table":3,"stat.pickup.integrateddynamics.on_the_dynamics_of_integration":4,"stat.diveOneCm":9812,"stat.mineBlock.chisel.glassdyedblack":1}