{"stat.pickup.tconstruct.book":2,"stat.chestOpened":3,"stat.walkOneCm":104737,"stat.pickup.minecraft.bone":7,"stat.trappedChestTriggered":1,"stat.useItem.minecraft.chest":2,"stat.pickup.minecraft.stick":8,"stat.leaveGame":1,"stat.mineBlock.enderio.blockPaintedPressurePlate":1,"stat.pickup.chisel.factory":3,"stat.mineBlock.minecraft.deadbush":8,"stat.pickup.gravestone.death_info":5,"stat.pickup.minecraft.string":7,"stat.useItem.minecraft.rotten_flesh":6,"stat.pickup.minecraft.log":2,"stat.useItem.minecraft.sand":23,"stat.jump":136,"stat.swimOneCm":5683,"stat.fallOneCm":2421,"stat.pickup.minecraft.glowstone_dust":1,"stat.mineBlock.chisel.factory":3,"stat.pickup.minecraft.gunpowder":1,"stat.crouchOneCm":581,"stat.mineBlock.gravestone.gravestone":1,"stat.mineBlock.minecraft.chest":2,"achievement.mineWood":2,"stat.sprintOneCm":66522,"achievement.exploreAllBiomes":{"value":0,"progress":["Desert"]},"stat.craftingTableInteraction":1,"stat.pickup.minecraft.rotten_flesh":33,"stat.pickup.enderio.blockPaintedPressurePlate":1,"stat.pickup.minecraft.sand":246,"stat.mineBlock.chisel.tyrian":1,"stat.mineBlock.minecraft.cactus":1,"achievement.openInventory":22,"stat.craftItem.minecraft.planks":8,"stat.pickup.weather2.sand_layer_placeable":5,"stat.damageTaken":466,"stat.pickup.bqt.mpad":2,"stat.useItem.minecraft.wooden_pickaxe":5,"stat.pickup.enderio.itemBasicCapacitor":1,"stat.mobKills":2,"stat.mineBlock.minecraft.log":3,"stat.useItem.minecraft.golden_apple":1,"stat.flyOneCm":15446,"stat.deaths":2,"stat.pickup.minecraft.sandstone":8,"stat.drop":1,"stat.mineBlock.minecraft.sand":42,"stat.mineBlock.minecraft.leaves":3,"stat.playOneMinute":28070,"stat.entityKilledBy.Zombie":1,"stat.pickup.minecraft.cactus":3,"stat.useItem.chisel.factory":3,"stat.sneakTime":367,"stat.pickup.forestry.beeDroneGE":2,"stat.damageDealt":418,"stat.pickup.minecraft.redstone":4,"stat.pickup.environmentaltech.digital_guide":1,"stat.killEntity.Zombie":1,"stat.timeSinceDeath":15589,"stat.drop.minecraft.chest":1,"stat.craftItem.minecraft.wooden_pickaxe":1,"stat.diveOneCm":1041,"stat.pickup.chisel.tyrian":1,"stat.pickup.minecraft.chest":4,"stat.craftItem.minecraft.sandstone":6}