{"stat.useItem.minecraft.string":4,"stat.useItem.railcraft.brick_quarried":2823,"stat.useItem.minecraft.painting":43,"stat.useItem.railcraft.brick_frostbound":37,"stat.leaveGame":24,"stat.useItem.harvestcraft.blackberryseedItem":41,"stat.pickup.enderio.darkSteel_sword":3,"stat.useItem.advancedrocketry.motor":1,"stat.pickup.forestry.kitPickaxe":1,"stat.useItem.tconstruct.dried_clay_slab":348,"stat.pickup.gravestone.death_info":1,"stat.useItem.tconstruct.clear_stained_glass":1287,"stat.useItem.minecraft.planks":829,"stat.useItem.immersiveengineering.metalDevice0":1,"stat.drop.tconstruct.brownstone":1,"stat.useItem.elevatorid.elevator_white":8,"stat.useItem.forestry.stairs.teak":5,"stat.useItem.railcraft.ore":36,"stat.pickup.minecraft.glass":1,"stat.useItem.chisel.tyrian":1429,"stat.useItem.betterwithmods.aesthetic":24,"stat.drop.chiselsandbits.chiseled_iron":1,"stat.useItem.minecraft.water_bucket":160,"stat.useItem.minecraft.diamond_hoe":646,"stat.pickup.minecraft.sand":232,"stat.useItem.enderio.blockElectricLight":12,"stat.pickup.minecraft.name_tag":1,"stat.useItem.minecraft.purpur_stairs":9,"stat.pickup.minecraft.activator_rail":1,"stat.useItem.minecraft.anvil":15,"stat.useItem.minecraft.brown_mushroom":16,"stat.useItem.tconstruct.slime_sapling":2,"stat.useItem.minecraft.spawn_egg":39,"stat.useItem.chiselsandbits.chiseled_grass":26,"stat.useItem.chisel.glassdyedlightblue":2,"stat.useItem.minecraft.stained_glass":8,"stat.useItem.libvulpes.metal0":17,"stat.useItem.minecraft.fence":44,"stat.pickup.monsteranddungeons.quartzChest":1,"achievement.openInventory":401,"stat.useItem.minecraft.flint_and_steel":8,"stat.useItem.minecraft.wheat_seeds":139,"stat.useItem.harvestcraft.blueberryseedItem":13,"stat.pickup.chiselsandbits.chiseled_rock":26,"stat.pickup.minecraft.pumpkin_seeds":9,"stat.useItem.chiselsandbits.chiseled_rock":51,"stat.useItem.minecraft.dye":400,"stat.pickup.tconstruct.brownstone":1,"stat.deaths":3,"stat.useItem.chisel.laboratory":9414,"stat.pickup.minecraft.egg":8,"stat.useItem.weather2.sand_layer_placeable":9,"stat.playOneMinute":1874626,"stat.drop.chisel.factory":1,"stat.useItem.chisel.technical":59,"stat.useItem.minecraft.jukebox":2,"stat.pickup.libvulpes.ore0":3,"stat.pickup.tconstruct.clear_stained_glass":1,"stat.useItem.chisel.technicalNew":10,"stat.chestOpened":26,"stat.pickup.minecraft.pumpkin":4,"stat.useItem.minecraft.stone":1138,"stat.pickup.machpcraft2.ruby":2,"stat.pickup.minecraft.detector_rail":2,"stat.useItem.chiselsandbits.positiveprint":55,"stat.useItem.chisel.glassdyedblue":63,"stat.fallOneCm":418,"stat.pickup.minecraft.melon_seeds":2,"stat.pickup.chiselsandbits.positiveprint":1,"stat.useItem.extrautils2.RainbowGenerator":1,"stat.crouchOneCm":19062,"stat.pickup.minecraft.rail":48,"stat.useItem.quark.stone_andesite_bricks_slab":175,"stat.pickup.minecraft.painting":1,"stat.pickup.minecraft.melon":10,"stat.pickup.quark.stone_andesite_bricks_slab":1,"stat.pickup.minecraft.feather":5,"stat.useItem.quark.stone_basalt_stairs":12,"stat.useItem.mikedongles.nether_star_9":20,"achievement.machpcraft2:seeOre":1,"stat.useItem.minecraft.furnace":7,"stat.useItem.minecraft.reeds":65,"stat.pickup.appliedenergistics2.creative_storage_cell":1,"stat.pickup.minecraft.dye":20,"stat.useItem.extrautils2.ItemCreativeBuildersWand":3377,"stat.pickup.enderio.itemAlloy":1,"stat.useItem.minecraft.wool":251,"stat.pickup.extrautils2.ItemCreativeBuildersWand":1,"stat.pickup.monsteranddungeons.quartzBoots":1,"stat.useItem.minecraft.iron_bars":55,"stat.flowerPotted":2,"stat.pickup.minecraft.flint_and_steel":1,"stat.useItem.minecraft.torch":13,"stat.pickup.minecraft.golden_apple":3,"stat.useItem.minecraft.gravel":51,"stat.useItem.harvestcraft.strawberryseedItem":43,"stat.useItem.libvulpes.creativePowerBattery":1,"stat.pickup.minecraft.sapling":11,"stat.pickup.minecraft.apple":1,"stat.useItem.quark.stone_limestone_stairs":265,"stat.useItem.enderio.itemItemConduit":2,"stat.pickup.enderio.itemBasicCapacitor":1,"stat.useItem.chiselsandbits.wrench_wood":40,"stat.useItem.minecraft.stonebrick":58,"stat.useItem.extrautils2.Quarry":2,"stat.pickup.monsteranddungeons.quartzLegs":1,"stat.useItem.extrautils2.CreativeHarvest":1,"stat.useItem.minecraft.beetroot_seeds":85,"stat.sneakTime":42852,"stat.useItem.extrautils2.PassiveGenerator":1,"stat.useItem.chisel.factory1":1,"stat.pickup.minecraft.golden_rail":2,"stat.useItem.minecraft.web":15,"stat.useItem.minecraft.brick_stairs":19,"stat.pickup.immersiveengineering.ore":1,"stat.useItem.appliedenergistics2.controller":1,"stat.pickup.minecraft.redstone_torch":3,"stat.useItem.minecraft.log2":24,"stat.useItem.chiselsandbits.block_bit":897,"stat.useItem.minecraft.skull":1,"stat.useItem.tconstruct.slime_grass":139,"stat.useItem.enderio.blockCapBank":3,"stat.swimOneCm":3855,"stat.useItem.quark.stone_limestone_slab":91,"stat.pickup.minecraft.enchanted_book":1,"stat.useItem.extrautils2.CreativeEnergy":1,"stat.drop.harvestcraft.candleberryseedItem":1,"stat.useItem.minecraft.dirt":4560,"achievement.exploreAllBiomes":{"value":0,"progress":["Desert"]},"stat.pickup.chisel.marbleextra":43,"stat.useItem.tconstruct.dried_clay":795,"stat.useItem.minecraft.iron_ore":35,"stat.useItem.extrautils2.CreativeChest":2,"stat.pickup.minecraft.cobblestone":896,"stat.pickup.betterwithmods.dirt_pile":216,"achievment.dilithium":1,"stat.useItem.chisel.technical1":32,"stat.useItem.appliedenergistics2.sky_stone_block":127,"stat.useItem.minecraft.brick_block":53,"stat.flyOneCm":9189933,"stat.useItem.chiselsandbits.chiseled_iron":58,"stat.pickup.appliedenergistics2.material":29,"stat.useItem.minecraft.red_mushroom":12,"stat.pickup.minecraft.cactus":26,"stat.timeSinceDeath":422589,"stat.pickup.chiselsandbits.chiseled_iron":1,"stat.useItem.minecraft.sign":2,"stat.useItem.minecraft.melon_block":18,"stat.useItem.minecraft.iron_door":7,"stat.pickup.chiselsandbits.block_bit":66,"stat.useItem.tconstruct.brownstone_slab":16,"stat.useItem.minecraft.potato":149,"stat.pickup.minecraft.wooden_axe":1,"stat.useItem.chiselsandbits.chiseled_glass":2,"stat.useItem.tconstruct.brownstone":2547,"stat.pickup.chisel.limestoneextra":35,"stat.useItem.chisel.glassdyedblack":17,"stat.useItem.minecraft.sea_lantern":36,"stat.useItem.extrautils2.Drum":1,"stat.sprintOneCm":272865,"stat.useItem.minecraft.diamond_block":11,"stat.useItem.minecraft.hay_block":30,"stat.useItem.tconstruct.slime_dirt":205,"stat.useItem.minecraft.stone_slab":2992,"stat.useItem.extrautils2.QuarryProxy":6,"stat.useItem.minecraft.stone_pressure_plate":5,"stat.pickup.randomthings.biomeCrystal":2,"stat.useItem.minecraft.carrot":129,"stat.pickup.chisel.laboratory":8,"stat.pickup.betterwithmods.gravel_pile":39,"stat.drop":6,"stat.useItem.advancedrocketry.crystal":3,"stat.useItem.tconstruct.brownstone_stairs_brick":12,"stat.useItem.minecraft.banner":6,"stat.useItem.tconstruct.brownstone_slab2":337,"stat.diveOneCm":19375,"stat.pickup.monsteranddungeons.quartzHelmet":1,"stat.useItem.minecraft.quartz_stairs":1,"stat.useItem.appliedenergistics2.creative_energy_cell":1,"stat.useItem.harvestcraft.candleberryseedItem":22,"stat.useItem.minecraft.waterlily":24,"stat.useItem.minecraft.carpet":105,"stat.useItem.minecraft.potion":6,"stat.useItem.weather2.WeatherDeflector":6,"stat.useItem.minecraft.flower_pot":2,"stat.useItem.minecraft.bedrock":2233,"stat.jump":1052,"stat.useItem.minecraft.sand":36383,"stat.pickup.minecraft.coal":25,"stat.pickup.minecraft.iron_ingot":5,"stat.pickup.betterwithmods.sand_pile":154,"stat.pickup.monsteranddungeons.quartzWarhammer":1,"stat.useItem.minecraft.stone_button":8,"stat.useItem.tconstruct.metal":24,"stat.useItem.minecraft.coal_ore":65,"stat.useItem.ironchest.BlockIronChest":5,"stat.drop.harvestcraft.strawberryseedItem":1,"stat.useItem.minecraft.glass":118,"stat.useItem.bigreactors.blockmetals":15,"stat.useItem.bigreactors.reactorcreativecoolantport":1,"stat.useItem.minecraft.sapling":38,"stat.damageTaken":150,"stat.useItem.minecraft.gold_block":28,"stat.pickup.machpcraft2.legendary_hammer":1,"stat.pickup.forestry.brokenBronzePickaxe":1,"stat.useItem.minecraft.crafting_table":1,"stat.useItem.simplegenerators.netherstar_generator_3":1,"stat.useItem.tanaddons.temp_regulator":2,"stat.useItem.chisel.glowstone1":3,"stat.useItem.chisel.blockUranium":42,"stat.walkOneCm":934205,"stat.useItem.minecraft.chest":3,"stat.pickup.minecraft.stick":2,"stat.useItem.minecraft.pumpkin":16,"stat.useItem.minecraft.tnt":1302,"stat.useItem.minecraft.emerald_block":11,"stat.pickup.minecraft.tnt":1,"stat.pickup.extrautils2.Filter":1,"stat.pickup.minecraft.stone":1,"stat.pickup.environmentaltech.hardened_stone":23,"stat.useItem.minecraft.stained_hardened_clay":12,"stat.pickup.minecraft.ender_pearl":1,"stat.useItem.minecraft.leaves":1,"stat.useItem.minecraft.redstone_ore":22,"stat.useItem.minecraft.cactus":56,"stat.useItem.minecraft.netherrack":4,"stat.drop.chiselsandbits.chiseled_glass":1,"stat.pickup.minecraft.bread":4,"stat.pickup.harvestcraft.strawberryItem":11,"stat.useItem.appliedenergistics2.drive":1,"stat.useItem.quark.biotite_block":1,"stat.pickup.minecraft.beetroot_seeds":2,"stat.pickup.minecraft.torch":25,"stat.useItem.appliedenergistics2.part":13,"stat.useItem.chisel.factory":453,"stat.useItem.pressure.CreativeSource":1,"stat.useItem.advancedrocketry.fuelTank":6,"stat.pickup.extrautils2.ItemCreativeDestructionWand":1,"stat.useItem.tconstruct.smeltery_controller":3,"stat.useItem.minecraft.sandstone":319}